{"cameraMode":{"drawMode":0,"name":"Shaded","section":"Shading Mode"},"sceneLighting":true,"audioPlay":false,"sceneViewState":{"m_AlwaysRefresh":false,"showFog":true,"showSkybox":true,"showFlares":true,"showImageEffects":true,"showParticleSystems":true,"showVisualEffectGraphs":true,"m_FxEnabled":true},"in2DMode":false,"pivot":{"x":536.0476684570313,"y":1098.1165771484375,"z":-59.806636810302737},"rotation":{"x":-0.046784065663814548,"y":0.00930615421384573,"z":0.00004044793240609579,"w":-0.9987273812294006},"size":934.515380859375,"orthographic":false}